{
  "hash": "a3fcb8a6",
  "configHash": "e019c354",
  "lockfileHash": "468905d2",
  "browserHash": "0897226a",
  "optimized": {
    "@angular/common": {
      "src": "../../../../../node_modules/@angular/common/fesm2022/common.mjs",
      "file": "@angular_common.js",
      "fileHash": "8cc7c59c",
      "needsInterop": false
    },
    "@angular/common/http": {
      "src": "../../../../../node_modules/@angular/common/fesm2022/http.mjs",
      "file": "@angular_common_http.js",
      "fileHash": "4a8e2ca8",
      "needsInterop": false
    },
    "@angular/core": {
      "src": "../../../../../node_modules/@angular/core/fesm2022/core.mjs",
      "file": "@angular_core.js",
      "fileHash": "cbc39b9a",
      "needsInterop": false
    },
    "@angular/forms": {
      "src": "../../../../../node_modules/@angular/forms/fesm2022/forms.mjs",
      "file": "@angular_forms.js",
      "fileHash": "fe44213a",
      "needsInterop": false
    },
    "@angular/platform-browser": {
      "src": "../../../../../node_modules/@angular/platform-browser/fesm2022/platform-browser.mjs",
      "file": "@angular_platform-browser.js",
      "fileHash": "336eeaff",
      "needsInterop": false
    },
    "@angular/router": {
      "src": "../../../../../node_modules/@angular/router/fesm2022/router.mjs",
      "file": "@angular_router.js",
      "fileHash": "02bbc8a3",
      "needsInterop": false
    },
    "rxjs/operators": {
      "src": "../../../../../node_modules/rxjs/dist/esm5/operators/index.js",
      "file": "rxjs_operators.js",
      "fileHash": "3c1b2c1f",
      "needsInterop": false
    }
  },
  "chunks": {
    "chunk-HSZETIJJ": {
      "file": "chunk-HSZETIJJ.js"
    },
    "chunk-3FLREWHF": {
      "file": "chunk-3FLREWHF.js"
    },
    "chunk-SQJMNRJW": {
      "file": "chunk-SQJMNRJW.js"
    },
    "chunk-7U2KNTZH": {
      "file": "chunk-7U2KNTZH.js"
    },
    "chunk-RXWA5RQF": {
      "file": "chunk-RXWA5RQF.js"
    }
  }
}